{"cameraMode":{"drawMode":0,"name":"Shaded","section":"Shading Mode"},"sceneLighting":true,"audioPlay":false,"sceneViewState":{"showFog":true,"showMaterialUpdate":true,"showSkybox":true,"showFlares":true,"showImageEffects":false,"showParticleSystems":true},"in2DMode":false,"pivot":{"x":-0.9557604193687439,"y":-1.5594475269317628,"z":-19.162839889526368},"rotation":{"x":-0.0016060738125815988,"y":0.9974215626716614,"z":-0.06774059683084488,"w":-0.023640908300876619},"size":22.75816535949707,"orthographic":false}