{"cameraMode":{"drawMode":0,"name":"Shaded","section":"Shading Mode"},"sceneLighting":true,"audioPlay":false,"sceneViewState":{"showFog":true,"showMaterialUpdate":true,"showSkybox":true,"showFlares":true,"showImageEffects":false,"showParticleSystems":true},"in2DMode":false,"pivot":{"x":672.7232055664063,"y":449.3485107421875,"z":10.121337890625},"rotation":{"x":-0.006309375166893005,"y":0.006597122643142939,"z":-0.0000415604081354104,"w":-0.999958336353302},"size":1501.172607421875,"orthographic":false}