{"cameraMode":{"drawMode":0,"name":"Shaded","section":"Shading Mode"},"sceneLighting":true,"audioPlay":false,"sceneViewState":{"showFog":true,"showMaterialUpdate":true,"showSkybox":true,"showFlares":true,"showImageEffects":false,"showParticleSystems":true},"in2DMode":false,"pivot":{"x":11.146032333374024,"y":-2.0121357440948488,"z":-8.854031562805176},"rotation":{"x":0.045730821788311008,"y":0.9007983803749085,"z":-0.09795045852661133,"w":0.42056718468666079},"size":18.663293838500978,"orthographic":false}