{"cameraMode":{"drawMode":0,"name":"Shaded","section":"Shading Mode"},"sceneLighting":true,"audioPlay":false,"sceneViewState":{"showFog":true,"showMaterialUpdate":true,"showSkybox":true,"showFlares":true,"showImageEffects":false,"showParticleSystems":true},"in2DMode":false,"pivot":{"x":608.2924194335938,"y":359.7630310058594,"z":466.6707763671875},"rotation":{"x":-0.10062916576862335,"y":0.014025930315256119,"z":-0.0014185713371261955,"w":-0.9948241710662842},"size":1578.891357421875,"orthographic":false}