{"cameraMode":{"drawMode":0,"name":"Shaded","section":"Shading Mode"},"sceneLighting":true,"audioPlay":false,"sceneViewState":{"showFog":true,"showMaterialUpdate":true,"showSkybox":true,"showFlares":true,"showImageEffects":false,"showParticleSystems":true},"in2DMode":false,"pivot":{"x":-0.570548951625824,"y":-0.44083356857299807,"z":-12.892745971679688},"rotation":{"x":0.00015401176642626524,"y":0.9963188767433167,"z":-0.08570610731840134,"w":0.0017961370758712292},"size":29.577030181884767,"orthographic":false}