{"cameraMode":{"drawMode":0,"name":"Shaded","section":"Shading Mode"},"sceneLighting":true,"audioPlay":false,"sceneViewState":{"showFog":true,"showMaterialUpdate":true,"showSkybox":true,"showFlares":true,"showImageEffects":false,"showParticleSystems":true},"in2DMode":false,"pivot":{"x":-1.0679298639297486,"y":1.3619804382324219,"z":-1.0448722839355469},"rotation":{"x":0.27394744753837588,"y":-0.005770424380898476,"z":0.0016437049489468337,"w":0.9617260098457336},"size":22.0,"orthographic":false}